{"cameraMode":{"drawMode":0,"name":"Shaded","section":"Shading Mode"},"sceneLighting":false,"audioPlay":false,"sceneViewState":{"m_AlwaysRefresh":false,"showFog":true,"showSkybox":false,"showFlares":true,"showImageEffects":true,"showParticleSystems":true,"showVisualEffectGraphs":true,"m_FxEnabled":true},"in2DMode":false,"pivot":{"x":0.3587031364440918,"y":0.1400012969970703,"z":-1.464601755142212},"rotation":{"x":0.025775261223316194,"y":0.8528112769126892,"z":-0.5199313163757324,"w":0.04224144667387009},"size":9.077651977539063,"orthographic":false}